palier_prix,nom,pays,type,gammes,prix_constate,moq,conditions,conformite_ue,contact,verification,source
A - entree 1-5 EUR,IDC Institute (via ses grossistes),ES,"Marque d'Aquarius Cosmetic SLU (Les Masies de Voltrega, Barcelone, 1995) + reseau de grossistes","Skincare, corps, maquillage, masques tissu, bombes de bain, gel douche, OUTILS (peignes, miroirs, ciseaux ongles, blenders, gua sha), soins homme","masque tissu 0,98 EUR ; masque pieds/mains 1,33 EUR ; lotion corps 250ml 1,85 EUR ; set beaute 3,22 EUR",a demander,-,"Societe ETABLIE EN UE (Espagne) -> porte la responsabilite (art. 4.3/4.4), KURLA distributeur. Fabrication propre NON verifiee (sous-traitance probable)",-,VERIFIE : aquariuscosmetic.com + idc-institute.com + 4 grossistes. Contact +34 938 861 366 / info@aqc.es. Fabrication propre NON verifiee,grossiste-parfum-generique.com
A - entree 1-5 EUR,Grossiste Beaute IDC,ES,Grossiste B2B,"1500 references : vernis, masques, patchs, parfumerie, accessoires, peignes, huiles, savons, shampoings, deodorants","base & primer 1,19 EUR/unite (pack de 24)",a demander,-10% revendeurs et professionnels,Produits UE -> distributeur,grossiste-beaute-idc.com,VERIFIE site,grossiste-beaute-idc.com
A - entree 1-5 EUR,"Grossiste-en-live (Prady, Ambar, The Fruit Company)",ES,Distributeur direct fabricant,"Maquillage, parfum generique et equivalence, soins, parfumerie d'ambiance","deodorant roll-on coco 1,57 EUR/unite (carton de 12, 18,84 EUR)",a demander,LIVRAISON GRATUITE des 100 EUR pour France et Europe,"Marques espagnoles, fabrique en Espagne -> distributeur",grossiste-en-live.com,VERIFIE site,grossiste-en-live.com
A - entree 1-5 EUR,Kcosmetiques,FR,Grossiste B2B,"44 ref. IDC Institute, maquillage, soins",tarifs apres connexion,a demander,Boutiques a Paris et Lyon,Stock FR -> distributeur,grossiste-maquillage-yes-love.com,VERIFIE site,grossiste-maquillage-yes-love.com
A - entree 1-5 EUR,Grossiste-de-France,EU,Grossiste B2B,IDC Institute + Sence,"creme corps 400ml 4,40 EUR/unite (lot de 6, 26,40 EUR HT) ; coffret brumes 7,50 EUR HT",a demander,"Livraison dans toute l'Europe, prix affiches HT",Stock UE -> distributeur,grossiste-de-france.fr,VERIFIE site,grossiste-de-france.fr
B - largeur sans stock,Ankorstore,FR (Paris),Marketplace B2B,20000+ marques europeennes dont 1200 MARQUES DE BEAUTE FRANCAISES,variable selon marque,"100 EUR par marque, franco 300 EUR","PAIEMENT A 60 JOURS, commande groupee multi-marques, 0% commission reassort depuis 01/2026","Marques europeennes -> deja sur marche UE, KURLA distributeur",ankorstore.com,VERIFIE : premiumbeautynews + alliancy + lemoniteurdespharmacies + garnetmarketplace,4 sources presse
B - largeur sans stock,Qudo Beauty (Qudo Korean Beauty Care SRL),RO,Grossiste K-beauty,"1800+ produits, 86+ marques. Visage, cheveux, maquillage, parfums, outils",variable,"MOQ 300 EUR AU TOTAL, aucun MOQ par reference","Port offert des 500 EUR, entrepot Roumanie, factures EUR","DECLARE : CPNP + INCI + EU Responsible Person par produit, enregistrement CPNP a l'import. A FAIRE CONFIRMER PAR ECRIT",VAT RO50381912 / +40 752 200 449 / qudobeauty.com,Site fournisseur. Declaration CPNP NON VERIFIEE,qudobeauty.com
B - largeur sans stock,Nova Engel / Grupo Engel,ES,Dropship,"800+ marques, 30000+ references, parfumerie + cosmetique + capillaire",variable,Depot 500 EUR non remboursable (portefeuille),"API REST + CSV + XML, expedition anonyme, 24/48h",Stock UE -> distributeur,novaengel.com,VERIFIE sur site (FAQ),novaengel.com
B - largeur sans stock,Cosmetix Club,-,Dropship,"Maquillage : palettes, rouges a levres, pinceaux, accessoires",variable,SANS MOQ,Dropshipping direct,A verifier,-,VERIFIE liste tierce - non contacte,minea.com
C - gamme peau / K-beauty,EOLYS Beaute,FR,Grossiste K-beauty B2B,"Whamisa, Torriden, Beauty of Joseon, SKIN1004, COSRX",variable,a demander,"Plateforme B2B, instituts/pharmacies/concept stores",ATTENTION : produits coreens = hors UE. Conforme SEULEMENT si importateur UE a fait CPNP + RP,eolys-beaute.com,VERIFIE site,eolys-beaute.com
C - gamme peau / K-beauty,Kocosmetic / Bizdistribution,FR (creee 2021),Grossiste K-beauty B2B,"Nacific, Skin1004, Cosrx, Beauty of Joseon",variable,a demander,"B2B kocosmetic.fr, relations directes laboratoires coreens",ATTENTION : produits coreens = hors UE. CPNP + RP a exiger,kocosmetic.fr,VERIFIE site,kocosmetic.fr
C - gamme peau / K-beauty,BLACKETIQUE SASU,FR,Grossiste B2B,"Skincare COREENNE + haircare ethnique, 35 a 50 marques, stock France",variable,a demander,"Compte pro gratuit, tarifs gros apres validation",Stock France -> distributeur,01 84 80 62 40 / info@blacketique.com / Groslay 95,VERIFIE site + page haircare,blacketique.com
C - gamme peau / K-beauty,Pibukare,FR,Boutique K-beauty,"34 marques (Anua, COSRX, Beauty of Joseon), entrepot France",variable,-,"Expedition 48h, 8 corners en France",Stock France. PROGRAMME B2B NON VERIFIE (boutique B2C),01 40 91 48 32 / hello@pibukare.com / Boulogne-Billancourt 92,VERIFIE site. B2B non prouve,pibukare.com
C - gamme peau / K-beauty,Skinorea,FR,Boutique K-beauty,"Selection coreenne, stock Paris",variable,-,Livraison gratuite des 75 EUR,Stock Paris. B2B non verifie,-,VERIFIE presse - non contacte,testsdeproduits.fr
D - destockage (regle stricte),Synyco SAS,FR,Destockeur,"Cosmetiques, hygiene personnelle, entretien",jusqu'a -70% vs supermarche,a demander,"Surplus et produits finis, Europe/Afrique/Amerique du Sud/Moyen-Orient","REGLE : uniquement produits deja sur marche UE, DDM/PAO lisible, lot tracable",-,Europages,europages.fr
D - destockage (regle stricte),HADAR DISTRIBUTION,FR (Marseille),Destockeur,"Hygiene, entretien, cosmetique grandes marques",lots de 100 pieces a 4 EUR HT,100 pieces,Import-export et destockage,REGLE idem,hadardistribution.com,Europages + destockplus,europages.fr
D - destockage (regle stricte),Societe Rose Bleue,FR (Gagny 93),Destockeur gros et demi-gros,Parfums et cosmetiques grandes marques,variable,variable,"Showroom 28 ter av de Versailles 93220, lun-ven 14h-18h sans RDV",REGLE idem,06 27 78 09 41,Destockplus,destockplus.com
D - destockage (regle stricte),Destockplus,FR,Place de marche B2B destockage,1094 annonces cosmetiques,variable,variable,"Lots discount, liquidation","REGLE idem, annonce par annonce",destockplus.com,VERIFIE site,destockplus.com
E - A ECARTER,Westock Europe,FR,Grossiste « prix casses »,Maquillage et parfum de marque,"Chanel 23,90 EUR (barre 38) ; Cabotine de Gres 100ml 9,90 EUR (barre 67,50) ; Huda Beauty 9,90 EUR (barre 29,95)","sans minimum, achat a l'unite",Expedition en marque blanche directe client,"A ECARTER : un rouge a levres Chanel a 23,90 EUR en gros n'existe pas. Indicateur de CONTREFACON ou circuit non autorise. Delit au code de la propriete intellectuelle",westock-europe.fr,Prix releves sur site le 13/09/2026,westock-europe.fr
E - A ECARTER,Stocklot World Ltd,GB,Destockeur lots,Cosmetiques en lots,variable,variable,-,A ECARTER en palier 2 : ROYAUME-UNI = pays tiers post-Brexit -> KURLA importateur = personne responsable (art. 4.5),"Harrogate, creee 2011",Europages,europages.fr
