n,ref,besoin_principal,besoin_principal_libelle,besoins_secondaires,famille_subcategory,etape_routine_step,nom,actif_cle,format,fourchette_positionnement,canal_annee_1,department,note_conformite,marque_verifiee,fournisseur_verifie,statut_autorisation,sur_le_site,a_contacter,autorisation_obtenue
1,PEAU-001,hydrater,Hydrater,sensible|barriere,Nettoyage,Gel nettoyant doux,Gel Nettoyant Doux Sans Savon,glycérine,200 ml,8-14 €,affiliation,peau,"Sans savon, pH physiologique. Aucune allégation thérapeutique.",NON — aucune marque vérifiée pour cette ligne,NON — piste à confirmer (voir dossier §2),not_contacted,non,oui,non
2,PEAU-002,sensible,Peau sensible / réactive,hydrater|barriere,Nettoyage,Eau micellaire apaisante,Eau Micellaire Apaisante Sans Parfum,eau florale,200 ml,8-14 €,affiliation,peau,Sans parfum. Convient aux peaux réactives.,NON — aucune marque vérifiée pour cette ligne,NON — piste à confirmer (voir dossier §2),not_contacted,non,oui,non
3,PEAU-003,seche,Peau sèche / très sèche,hydrater|sensible,Nettoyage,Lait nettoyant confort,Lait Nettoyant Confort Peaux Sèches,beurre de karité,200 ml,9-15 €,affiliation,peau,"Texture lait, rinçage à l'eau ou au coton.",NON — aucune marque vérifiée pour cette ligne,NON — piste à confirmer (voir dossier §2),not_contacted,non,oui,non
4,PEAU-004,imperfections,Imperfections / boutons,grasse|hydrater,Nettoyage,Huile nettoyante démaquillante,Huile Nettoyante Démaquillante,huile de jojoba,150 ml,12-19 €,affiliation,peau,"Se rince à l'eau, ne laisse pas de film occlusif.",NON — aucune marque vérifiée pour cette ligne,NON — piste à confirmer (voir dossier §2),not_contacted,non,oui,non
5,PEAU-005,seche,Peau sèche / très sèche,hydrater|barriere,Nettoyage,Baume nettoyant fondant,Baume Nettoyant Fondant,huile d'amande douce,100 ml,13-20 €,affiliation,peau,Première étape d'un double nettoyage.,NON — aucune marque vérifiée pour cette ligne,NON — piste à confirmer (voir dossier §2),not_contacted,non,oui,non
6,PEAU-006,grasse,Peau grasse / brillance,imperfections|eclat,Nettoyage,Mousse nettoyante purifiante,Mousse Nettoyante Purifiante,niacinamide,150 ml,9-15 €,affiliation,peau,Nettoie sans décaper. Aucune allégation anti-acné.,NON — aucune marque vérifiée pour cette ligne,NON — piste à confirmer (voir dossier §2),not_contacted,non,oui,non
7,PEAU-007,imperfections,Imperfections / boutons,grasse|cicatrices,Nettoyage,Gel nettoyant purifiant,Gel Nettoyant Purifiant Sans Sulfates,zinc PCA,200 ml,9-15 €,affiliation,peau,Sans sulfates agressifs. Pas d'allégation de traitement de l'acné.,NON — aucune marque vérifiée pour cette ligne,NON — piste à confirmer (voir dossier §2),not_contacted,non,oui,non
8,PEAU-008,eclat,Éclat & teint terne,par_ingredient|taches,Nettoyage,Poudre enzymatique exfoliante,Poudre Enzymatique Exfoliante Douce,enzymes de fruits,60 g,14-22 €,affiliation,peau,"Exfoliation enzymatique, pas mécanique. Pas de gommage agressif.",NON — aucune marque vérifiée pour cette ligne,NON — piste à confirmer (voir dossier §2),not_contacted,non,oui,non
9,PEAU-009,barriere,Barrière cutanée,seche|sensible,Nettoyage,Crème nettoyante hydratante,Crème Nettoyante Hydratante,céramides,200 ml,10-16 €,affiliation,peau,Préserve le film hydrolipidique.,NON — aucune marque vérifiée pour cette ligne,NON — piste à confirmer (voir dossier §2),not_contacted,non,oui,non
10,PEAU-010,grasse,Peau grasse / brillance,imperfections|hydrater,Nettoyage,Gel nettoyant visage homme,Gel Nettoyant Visage Homme,menthol doux,150 ml,9-15 €,affiliation,hommes,Département hommes. Aucune allégation sur le rasage médical.,NON — aucune marque vérifiée pour cette ligne,NON — piste à confirmer (voir dossier §2),not_contacted,non,oui,non
11,PEAU-011,sensible,Peau sensible / réactive,corps|hydrater,Nettoyage,Lingettes démaquillantes réutilisables,Lingettes Démaquillantes Réutilisables (lot de 8),microfibre,8 pièces,8-14 €,dropship,peau,"Matériel, pas cosmétique. Aucun CPNP requis.",NON — aucune marque vérifiée pour cette ligne,NON — piste à confirmer (voir dossier §2),not_contacted,non,oui,non
12,PEAU-012,hydrater,Hydrater,sensible,Nettoyage,Bandeau et éponges nettoyantes,Bandeau Cheveux + Éponges Konjac (set),konjac,set,7-12 €,dropship,peau,"Matériel, pas cosmétique. Aucun CPNP requis.",NON — aucune marque vérifiée pour cette ligne,NON — piste à confirmer (voir dossier §2),not_contacted,non,oui,non
13,PEAU-013,eclat,Éclat & teint terne,par_ingredient|taches,Exfoliation,Exfoliant AHA doux,Exfoliant AHA 7 % Usage Progressif,acide glycolique,100 ml,14-22 €,affiliation,peau,AHA. Avertissement photosensibilisant obligatoire. Pas de décapage.,NON — aucune marque vérifiée pour cette ligne,NON — piste à confirmer (voir dossier §2),not_contacted,non,oui,non
14,PEAU-014,imperfections,Imperfections / boutons,par_ingredient|grasse,Exfoliation,Exfoliant BHA,Exfoliant BHA 2 % Pores et Imperfections,acide salicylique,100 ml,14-22 €,affiliation,peau,BHA. Aucune allégation de traitement de l'acné.,NON — aucune marque vérifiée pour cette ligne,NON — piste à confirmer (voir dossier §2),not_contacted,non,oui,non
15,PEAU-015,sensible,Peau sensible / réactive,eclat|par_ingredient,Exfoliation,Peeling enzymatique doux,Peeling Enzymatique Doux Peaux Sensibles,enzyme de papaye,50 ml,15-24 €,affiliation,peau,Alternative aux acides pour peaux réactives. Pas de gommage à grains.,NON — aucune marque vérifiée pour cette ligne,NON — piste à confirmer (voir dossier §2),not_contacted,non,oui,non
16,PEAU-016,corps,Peau du corps,hydrater,Exfoliation,Gommage corps doux,Gommage Corps Doux Sucre et Huile,sucre,200 g,11-18 €,affiliation,peau,"Gommage corps, grains fins. Pas de gommage agressif sur le visage.",NON — aucune marque vérifiée pour cette ligne,NON — piste à confirmer (voir dossier §2),not_contacted,non,oui,non
17,PEAU-017,levres,Lèvres sèches,hydrater,Exfoliation,Exfoliant lèvres,Gommage Lèvres Doux,sucre fin,15 g,6-10 €,affiliation,peau,Usage lèvres uniquement.,NON — aucune marque vérifiée pour cette ligne,NON — piste à confirmer (voir dossier §2),not_contacted,non,oui,non
18,PEAU-018,eclat,Éclat & teint terne,taches|par_ingredient,Exfoliation,Masque exfoliant éclat,Masque Exfoliant Éclat,acide lactique,50 ml,14-22 €,affiliation,peau,AHA doux. Avertissement photosensibilisant.,NON — aucune marque vérifiée pour cette ligne,NON — piste à confirmer (voir dossier §2),not_contacted,non,oui,non
19,PEAU-019,grasse,Peau grasse / brillance,imperfections|par_ingredient,Exfoliation,Pad exfoliant quotidien,Pads Exfoliants BHA (lot de 30),acide salicylique,30 pads,13-20 €,affiliation,peau,Format pads. Aucune allégation thérapeutique.,NON — aucune marque vérifiée pour cette ligne,NON — piste à confirmer (voir dossier §2),not_contacted,non,oui,non
20,PEAU-020,taches,Taches / HPI,par_ingredient|grasse|eclat,Traitement,Sérum niacinamide,Sérum Niacinamide 5 %,niacinamide,30 ml,12-19 €,affiliation,peau,Actif déjà listé dans SKIN_ACTIVE_FILTERS. Aucune allégation éclaircissante.,NON — aucune marque vérifiée pour cette ligne,NON — piste à confirmer (voir dossier §2),not_contacted,non,oui,non
21,PEAU-021,imperfections,Imperfections / boutons,par_ingredient|taches|cicatrices,Traitement,Sérum acide azélaïque,Sérum Acide Azélaïque 10 %,acide azélaïque,30 ml,14-22 €,affiliation,peau,Pas d'hydroquinone. Aucune allégation de traitement médical.,NON — aucune marque vérifiée pour cette ligne,NON — piste à confirmer (voir dossier §2),not_contacted,non,oui,non
22,PEAU-022,eclat,Éclat & teint terne,par_ingredient|taches|anti_age,Traitement,Sérum vitamine C,Sérum Vitamine C Stabilisée 10 %,ascorbyl glucoside,30 ml,15-24 €,affiliation,peau,Forme stabilisée. Aucune promesse de résultat.,NON — aucune marque vérifiée pour cette ligne,NON — piste à confirmer (voir dossier §2),not_contacted,non,oui,non
23,PEAU-023,anti_age,Rides / fermeté,par_ingredient|taches,Traitement,Sérum rétinol doux,"Sérum Rétinol 0,3 % Usage Progressif",rétinol,30 ml,16-26 €,affiliation,peau,Rétinol. Mention d'usage progressif et de photosensibilité. Interdit grossesse.,NON — aucune marque vérifiée pour cette ligne,NON — piste à confirmer (voir dossier §2),not_contacted,non,oui,non
24,PEAU-024,hydrater,Hydrater,par_ingredient|barriere|seche,Traitement,Sérum acide hyaluronique,Sérum Acide Hyaluronique Multi-Poids,hyaluronate de sodium,30 ml,12-20 €,affiliation,peau,Hydratation. Aucune allégation de comblement des rides.,NON — aucune marque vérifiée pour cette ligne,NON — piste à confirmer (voir dossier §2),not_contacted,non,oui,non
25,PEAU-025,barriere,Barrière cutanée,par_ingredient|sensible|seche,Traitement,Sérum céramides,Sérum Céramides NP Réparateur,céramide NP,30 ml,14-22 €,affiliation,peau,Renforcement de barrière. Aucune allégation thérapeutique.,NON — aucune marque vérifiée pour cette ligne,NON — piste à confirmer (voir dossier §2),not_contacted,non,oui,non
26,PEAU-026,anti_age,Rides / fermeté,par_ingredient|barriere,Traitement,Sérum peptides,Sérum Peptides Fermeté,peptides,30 ml,18-28 €,affiliation,peau,Aucune promesse de résultat. Pas d'allégation de type botox-like.,NON — aucune marque vérifiée pour cette ligne,NON — piste à confirmer (voir dossier §2),not_contacted,non,oui,non
27,PEAU-027,sensible,Peau sensible / réactive,par_ingredient|eclat,Traitement,Sérum exfoliant PHA,Sérum PHA Doux Peaux Réactives,gluconolactone,30 ml,14-22 €,affiliation,peau,"PHA, mieux toléré que les AHA. Pas de décapage.",NON — aucune marque vérifiée pour cette ligne,NON — piste à confirmer (voir dossier §2),not_contacted,non,oui,non
28,PEAU-028,taches,Taches / HPI,cicatrices|eclat,Traitement,Sérum anti-taches,Sérum Anti-Taches Post-Imperfections,acide tranexamique,30 ml,15-24 €,affiliation,peau,"Uniformiser, JAMAIS éclaircir. Pas d'hydroquinone, pas de mercure.",NON — aucune marque vérifiée pour cette ligne,NON — piste à confirmer (voir dossier §2),not_contacted,non,oui,non
29,PEAU-029,cicatrices,Cicatrices post-acné,taches|par_ingredient,Traitement,Sérum cicatrices post-acné,Sérum Marques Post-Imperfections,niacinamide,30 ml,14-22 €,affiliation,peau,"Marques pigmentaires, pas cicatrices atrophiques. Aucune promesse d'effacement.",NON — aucune marque vérifiée pour cette ligne,NON — piste à confirmer (voir dossier §2),not_contacted,non,oui,non
30,PEAU-030,contour_yeux,Contour des yeux,anti_age|hydrater,Traitement,Sérum contour des yeux,Sérum Contour des Yeux Caféine,caféine,15 ml,13-21 €,affiliation,peau,Cernes et poches. Aucune allégation médicale sur les cernes.,NON — aucune marque vérifiée pour cette ligne,NON — piste à confirmer (voir dossier §2),not_contacted,non,oui,non
31,PEAU-031,sensible,Peau sensible / réactive,barriere|hydrater,Traitement,Sérum apaisant,Sérum Apaisant Haute Tolérance,allantoïne,30 ml,13-20 €,affiliation,peau,Haute tolérance. Aucune allégation anti-inflammatoire.,NON — aucune marque vérifiée pour cette ligne,NON — piste à confirmer (voir dossier §2),not_contacted,non,oui,non
32,PEAU-032,grasse,Peau grasse / brillance,imperfections|eclat,Traitement,Sérum régulateur sébum,Sérum Régulateur de Brillance,zinc PCA,30 ml,13-20 €,affiliation,peau,Matifier sans assécher. Aucune allégation sur l'acné.,NON — aucune marque vérifiée pour cette ligne,NON — piste à confirmer (voir dossier §2),not_contacted,non,oui,non
33,PEAU-033,eclat,Éclat & teint terne,taches|hydrater,Traitement,Sérum éclat uniformité,Sérum Éclat Uniformité du Teint,extrait de réglisse,30 ml,14-22 €,affiliation,peau,Teint lumineux. Pas d'allégation éclaircissante ni blanchissante.,NON — aucune marque vérifiée pour cette ligne,NON — piste à confirmer (voir dossier §2),not_contacted,non,oui,non
34,PEAU-034,seche,Peau sèche / très sèche,hydrater|barriere,Traitement,Sérum hydratant intense,Sérum Hydratant Intense Peaux Très Sèches,glycérine,30 ml,12-19 €,affiliation,peau,Peaux très sèches. Aucune allégation thérapeutique.,NON — aucune marque vérifiée pour cette ligne,NON — piste à confirmer (voir dossier §2),not_contacted,non,oui,non
35,PEAU-035,anti_age,Rides / fermeté,par_ingredient|sensible,Traitement,Sérum bakuchiol,Sérum Bakuchiol Alternative Douce,bakuchiol,30 ml,16-25 €,affiliation,peau,Alternative végétale au rétinol. Aucune comparaison d'efficacité affirmée.,NON — aucune marque vérifiée pour cette ligne,NON — piste à confirmer (voir dossier §2),not_contacted,non,oui,non
36,PEAU-036,corps,Peau du corps,taches|cicatrices,Traitement,Sérum corps uniformisant,Lait Corps Uniformisant,niacinamide,250 ml,13-20 €,affiliation,peau,"Corps. Uniformiser, jamais éclaircir.",NON — aucune marque vérifiée pour cette ligne,NON — piste à confirmer (voir dossier §2),not_contacted,non,oui,non
37,PEAU-037,imperfections,Imperfections / boutons,par_ingredient|cicatrices,Traitement,Soin local imperfections,Soin Localisé Imperfections,acide salicylique,15 ml,9-15 €,affiliation,peau,Application locale. Aucune allégation de traitement de l'acné.,NON — aucune marque vérifiée pour cette ligne,NON — piste à confirmer (voir dossier §2),not_contacted,non,oui,non
38,PEAU-038,hydrater,Hydrater,grasse|barriere,Traitement,Sérum hydratant homme,Sérum Hydratant Visage Homme,acide hyaluronique,30 ml,12-19 €,affiliation,hommes,Département hommes.,NON — aucune marque vérifiée pour cette ligne,NON — piste à confirmer (voir dossier §2),not_contacted,non,oui,non
39,PEAU-039,imperfections,Imperfections / boutons,corps|cicatrices,Traitement,Sérum poils incarnés,Soin Poils Incarnés Corps,acide glycolique,100 ml,12-19 €,affiliation,peau,"Corps, zones rasées. Aucune allégation médicale.",NON — aucune marque vérifiée pour cette ligne,NON — piste à confirmer (voir dossier §2),not_contacted,non,oui,non
40,PEAU-040,corps,Peau du corps,hydrater|seche,Traitement,Sérum mains,Sérum Mains Réparateur,glycérine,50 ml,8-13 €,affiliation,peau,Sous-catégorie mains.,NON — aucune marque vérifiée pour cette ligne,NON — piste à confirmer (voir dossier §2),not_contacted,non,oui,non
41,PEAU-041,corps,Peau du corps,hydrater|seche,Traitement,Sérum pieds,Crème Pieds Réparatrice,urée,75 ml,8-14 €,affiliation,peau,"Sous-catégorie pieds. Urée à concentration cosmétique, pas médicale.",NON — aucune marque vérifiée pour cette ligne,NON — piste à confirmer (voir dossier §2),not_contacted,non,oui,non
42,PEAU-042,hydrater,Hydrater,grasse|barriere,Hydratation,Crème hydratante légère,Crème Hydratante Légère Non Comédogène,acide hyaluronique,50 ml,12-19 €,affiliation,peau,Texture légère. Aucune allégation thérapeutique.,NON — aucune marque vérifiée pour cette ligne,NON — piste à confirmer (voir dossier §2),not_contacted,non,oui,non
43,PEAU-043,seche,Peau sèche / très sèche,hydrater|barriere,Hydratation,Crème hydratante riche,Crème Hydratante Riche Peaux Sèches,beurre de karité,50 ml,14-22 €,affiliation,peau,Peaux sèches à très sèches.,NON — aucune marque vérifiée pour cette ligne,NON — piste à confirmer (voir dossier §2),not_contacted,non,oui,non
44,PEAU-044,grasse,Peau grasse / brillance,hydrater|imperfections,Hydratation,Gel hydratant,Gel Hydratant Oil-Free,acide hyaluronique,50 ml,11-18 €,affiliation,peau,Sans corps gras. Peaux mixtes à grasses.,NON — aucune marque vérifiée pour cette ligne,NON — piste à confirmer (voir dossier §2),not_contacted,non,oui,non
45,PEAU-045,barriere,Barrière cutanée,sensible|seche,Hydratation,Crème hydratante céramides,Crème Barrière Céramides,céramide NP,50 ml,15-24 €,affiliation,peau,Réparation de barrière. Aucune allégation thérapeutique.,NON — aucune marque vérifiée pour cette ligne,NON — piste à confirmer (voir dossier §2),not_contacted,non,oui,non
46,PEAU-046,grasse,Peau grasse / brillance,hydrater|eclat,Hydratation,Fluide hydratant matifiant,Fluide Hydratant Matifiant,niacinamide,40 ml,13-20 €,affiliation,peau,Matifier sans assécher.,NON — aucune marque vérifiée pour cette ligne,NON — piste à confirmer (voir dossier §2),not_contacted,non,oui,non
47,PEAU-047,sensible,Peau sensible / réactive,barriere|hydrater,Hydratation,Crème hydratante apaisante,Crème Apaisante Haute Tolérance,allantoïne,50 ml,14-22 €,affiliation,peau,Sans parfum. Aucune allégation anti-inflammatoire.,NON — aucune marque vérifiée pour cette ligne,NON — piste à confirmer (voir dossier §2),not_contacted,non,oui,non
48,PEAU-048,corps,Peau du corps,hydrater|seche,Hydratation,Lait corps hydratant,Lait Corps Hydratant 24 h,glycérine,250 ml,11-18 €,affiliation,peau,Corps. Aucune promesse de durée vérifiée : 24 h est un positionnement.,NON — aucune marque vérifiée pour cette ligne,NON — piste à confirmer (voir dossier §2),not_contacted,non,oui,non
49,PEAU-049,seche,Peau sèche / très sèche,corps|hydrater,Hydratation,Beurre corps nourrissant,Beurre Corps Nourrissant Karité,beurre de karité,200 ml,13-21 €,affiliation,peau,Corps. Karité d'origine à documenter.,NON — aucune marque vérifiée pour cette ligne,NON — piste à confirmer (voir dossier §2),not_contacted,non,oui,non
50,PEAU-050,levres,Lèvres sèches,hydrater,Hydratation,Baume lèvres,Baume Lèvres Réparateur,beurre de karité,10 g,6-10 €,affiliation,peau,Lèvres. Aucune allégation de traitement de l'herpès.,NON — aucune marque vérifiée pour cette ligne,NON — piste à confirmer (voir dossier §2),not_contacted,non,oui,non
51,PEAU-051,levres,Lèvres sèches,hydrater,Hydratation,Masque lèvres de nuit,Masque Lèvres de Nuit,céramides,20 g,8-13 €,affiliation,peau,Lèvres.,NON — aucune marque vérifiée pour cette ligne,NON — piste à confirmer (voir dossier §2),not_contacted,non,oui,non
52,PEAU-052,corps,Peau du corps,hydrater|seche,Hydratation,Crème mains,Crème Mains Nourrissante,beurre de karité,75 ml,7-12 €,affiliation,peau,Sous-catégorie mains.,NON — aucune marque vérifiée pour cette ligne,NON — piste à confirmer (voir dossier §2),not_contacted,non,oui,non
53,PEAU-053,corps,Peau du corps,hydrater|seche,Hydratation,Crème pieds,Crème Pieds Nourrissante,beurre de karité,75 ml,7-12 €,affiliation,peau,Sous-catégorie pieds.,NON — aucune marque vérifiée pour cette ligne,NON — piste à confirmer (voir dossier §2),not_contacted,non,oui,non
54,PEAU-054,hydrater,Hydrater,grasse|barriere,Hydratation,Crème hydratante homme,Crème Hydratante Visage Homme,acide hyaluronique,50 ml,12-19 €,affiliation,hommes,Département hommes.,NON — aucune marque vérifiée pour cette ligne,NON — piste à confirmer (voir dossier §2),not_contacted,non,oui,non
55,PEAU-055,hydrater,Hydrater,sensible|corps,Hydratation,Lait hydratant enfant,Lait Hydratant Douceur Enfant,glycérine,250 ml,9-15 €,affiliation,enfants,"Département enfants. Formulation douce, aucune allégation médicale.",NON — aucune marque vérifiée pour cette ligne,NON — piste à confirmer (voir dossier §2),not_contacted,non,oui,non
56,PEAU-056,hydrater,Hydrater,sensible|eclat,Hydratation,Brume hydratante visage,Brume Hydratante Rafraîchissante,eau florale,100 ml,8-14 €,affiliation,peau,Sans parfum ajouté.,NON — aucune marque vérifiée pour cette ligne,NON — piste à confirmer (voir dossier §2),not_contacted,non,oui,non
57,PEAU-057,seche,Peau sèche / très sèche,hydrater|barriere,Hydratation,Huile visage nourrissante,Huile Visage Nourrissante,huile de jojoba,30 ml,14-22 €,affiliation,peau,Peaux sèches. Usage soir.,NON — aucune marque vérifiée pour cette ligne,NON — piste à confirmer (voir dossier §2),not_contacted,non,oui,non
58,PEAU-058,hydrater,Hydrater,seche|barriere,Masques,Masque hydratant,Masque Hydratant Repulpant,acide hyaluronique,50 ml,12-19 €,affiliation,peau,Aucune allégation de comblement des rides.,NON — aucune marque vérifiée pour cette ligne,NON — piste à confirmer (voir dossier §2),not_contacted,non,oui,non
59,PEAU-059,sensible,Peau sensible / réactive,barriere|hydrater,Masques,Masque apaisant,Masque Apaisant Peaux Réactives,allantoïne,50 ml,12-19 €,affiliation,peau,Sans parfum. Aucune allégation anti-inflammatoire.,NON — aucune marque vérifiée pour cette ligne,NON — piste à confirmer (voir dossier §2),not_contacted,non,oui,non
60,PEAU-060,grasse,Peau grasse / brillance,imperfections|eclat,Masques,Masque purifiant,Masque Purifiant à l'Argile,argile blanche,50 ml,10-16 €,affiliation,peau,Ne pas laisser sécher complètement. Aucune allégation détox non fondée.,NON — aucune marque vérifiée pour cette ligne,NON — piste à confirmer (voir dossier §2),not_contacted,non,oui,non
61,PEAU-061,eclat,Éclat & teint terne,taches|par_ingredient,Masques,Masque éclat,Masque Éclat Vitaminé,vitamine C,50 ml,13-20 €,affiliation,peau,Teint lumineux. Aucune promesse de résultat.,NON — aucune marque vérifiée pour cette ligne,NON — piste à confirmer (voir dossier §2),not_contacted,non,oui,non
62,PEAU-062,hydrater,Hydrater,barriere|anti_age,Masques,Masque de nuit,Masque de Nuit Régénérant,peptides,50 ml,15-24 €,affiliation,peau,Aucune allégation de régénération cellulaire vérifiée.,NON — aucune marque vérifiée pour cette ligne,NON — piste à confirmer (voir dossier §2),not_contacted,non,oui,non
63,PEAU-063,hydrater,Hydrater,eclat,Masques,Masque en tissu hydratant,Masque en Tissu Hydratant (lot de 5),acide hyaluronique,5 × 22 g,7-12 €,affiliation,peau,Format monodose.,NON — aucune marque vérifiée pour cette ligne,NON — piste à confirmer (voir dossier §2),not_contacted,non,oui,non
64,PEAU-064,contour_yeux,Contour des yeux,hydrater|anti_age,Masques,Masque contour des yeux,Patchs Contour des Yeux (lot de 30),caféine,30 patchs,10-16 €,affiliation,peau,Cernes et poches. Aucune allégation médicale.,NON — aucune marque vérifiée pour cette ligne,NON — piste à confirmer (voir dossier §2),not_contacted,non,oui,non
65,PEAU-065,eclat,Éclat & teint terne,par_ingredient|taches,Masques,Masque exfoliant doux,Masque Exfoliant Doux,acide lactique,50 ml,12-19 €,affiliation,peau,AHA doux. Avertissement photosensibilisant.,NON — aucune marque vérifiée pour cette ligne,NON — piste à confirmer (voir dossier §2),not_contacted,non,oui,non
66,PEAU-066,grasse,Peau grasse / brillance,imperfections,Masques,Masque purifiant homme,Masque Purifiant Visage Homme,argile blanche,50 ml,10-16 €,affiliation,hommes,Département hommes.,NON — aucune marque vérifiée pour cette ligne,NON — piste à confirmer (voir dossier §2),not_contacted,non,oui,non
67,PEAU-067,corps,Peau du corps,seche|hydrater,Masques,Masque corps nourrissant,Masque Corps Nourrissant,beurre de karité,200 ml,12-19 €,affiliation,peau,Corps.,NON — aucune marque vérifiée pour cette ligne,NON — piste à confirmer (voir dossier §2),not_contacted,non,oui,non
68,PEAU-068,contour_yeux,Contour des yeux,hydrater|anti_age,Soin yeux,Crème contour des yeux,Crème Contour des Yeux Hydratante,caféine,15 ml,13-21 €,affiliation,peau,Cernes et poches. Aucune allégation médicale.,NON — aucune marque vérifiée pour cette ligne,NON — piste à confirmer (voir dossier §2),not_contacted,non,oui,non
69,PEAU-069,contour_yeux,Contour des yeux,hydrater|grasse,Soin yeux,Gel contour des yeux,Gel Contour des Yeux Frais,caféine,15 ml,12-19 €,affiliation,peau,Texture gel.,NON — aucune marque vérifiée pour cette ligne,NON — piste à confirmer (voir dossier §2),not_contacted,non,oui,non
70,PEAU-070,contour_yeux,Contour des yeux,hydrater,Soin yeux,Sérum cils et sourcils,Sérum Fortifiant Cils et Sourcils,peptides,5 ml,14-22 €,affiliation,peau,Aucune allégation de pousse vérifiée. Pas de prostaglandine.,NON — aucune marque vérifiée pour cette ligne,NON — piste à confirmer (voir dossier §2),not_contacted,non,oui,non
71,PEAU-071,contour_yeux,Contour des yeux,sensible|hydrater,Soin yeux,Démaquillant yeux doux,Démaquillant Yeux Biphasé Doux,huile de jojoba,125 ml,9-15 €,affiliation,peau,Sans parfum. Testé pour la zone oculaire.,NON — aucune marque vérifiée pour cette ligne,NON — piste à confirmer (voir dossier §2),not_contacted,non,oui,non
72,PEAU-072,contour_yeux,Contour des yeux,hydrater,Soin yeux,Masque yeux de nuit,Masque Yeux de Nuit,céramides,15 ml,13-20 €,affiliation,peau,Usage nocturne.,NON — aucune marque vérifiée pour cette ligne,NON — piste à confirmer (voir dossier §2),not_contacted,non,oui,non
73,PEAU-073,levres,Lèvres sèches,hydrater,Lèvres,Baume lèvres teinté,Baume Lèvres Teinté Hydratant,beurre de karité,10 g,7-12 €,affiliation,peau,Lèvres. Aucune allégation de traitement.,NON — aucune marque vérifiée pour cette ligne,NON — piste à confirmer (voir dossier §2),not_contacted,non,oui,non
74,PEAU-074,levres,Lèvres sèches,hydrater,Lèvres,Huile lèvres,Huile Lèvres Confort,huile de jojoba,10 ml,8-13 €,affiliation,peau,Lèvres.,NON — aucune marque vérifiée pour cette ligne,NON — piste à confirmer (voir dossier §2),not_contacted,non,oui,non
75,PEAU-075,levres,Lèvres sèches,hydrater,Lèvres,Masque lèvres,Masque Lèvres Réparateur,céramides,15 g,8-13 €,affiliation,peau,Lèvres.,NON — aucune marque vérifiée pour cette ligne,NON — piste à confirmer (voir dossier §2),not_contacted,non,oui,non
76,PEAU-076,levres,Lèvres sèches,hydrater|corps,Lèvres,Stick lèvres protection,Stick Lèvres Nourrissant,beurre de karité,"4,8 g",5-9 €,affiliation,peau,⚠️ SANS SPF : la protection solaire n'est pas ouverte en année 1.,NON — aucune marque vérifiée pour cette ligne,NON — piste à confirmer (voir dossier §2),not_contacted,non,oui,non
77,PEAU-077,corps,Peau du corps,seche|hydrater,Corps,Huile corps,Huile Corps Nourrissante,huile d'amande douce,100 ml,12-19 €,affiliation,peau,Corps.,NON — aucune marque vérifiée pour cette ligne,NON — piste à confirmer (voir dossier §2),not_contacted,non,oui,non
78,PEAU-078,seche,Peau sèche / très sèche,corps|hydrater,Corps,Crème corps riche,Crème Corps Riche Zones Sèches,beurre de karité,200 ml,12-19 €,affiliation,peau,"Coudes, genoux, talons.",NON — aucune marque vérifiée pour cette ligne,NON — piste à confirmer (voir dossier §2),not_contacted,non,oui,non
79,PEAU-079,corps,Peau du corps,hydrater|sensible,Corps,Gel douche doux,Gel Douche Doux Sans Sulfates,glycérine,250 ml,7-12 €,affiliation,peau,Département hygiène possible. Sans sulfates agressifs.,NON — aucune marque vérifiée pour cette ligne,NON — piste à confirmer (voir dossier §2),not_contacted,non,oui,non
80,PEAU-080,corps,Peau du corps,seche|sensible,Corps,Savon surgras,Savon Surgras Karité,beurre de karité,100 g,5-9 €,affiliation,peau,Saponification à froid. Karité d'origine à documenter.,NON — aucune marque vérifiée pour cette ligne,NON — piste à confirmer (voir dossier §2),not_contacted,non,oui,non
81,PEAU-081,sensible,Peau sensible / réactive,corps|barriere,Corps,Lait corps apaisant,Lait Corps Apaisant Sans Parfum,allantoïne,250 ml,11-18 €,affiliation,peau,Sans parfum.,NON — aucune marque vérifiée pour cette ligne,NON — piste à confirmer (voir dossier §2),not_contacted,non,oui,non
82,PEAU-082,imperfections,Imperfections / boutons,corps|cicatrices,Corps,Soin zones rasées,Soin Apaisant Zones Rasées,allantoïne,100 ml,10-16 €,affiliation,peau,Aucune allégation sur les poils incarnés médicaux.,NON — aucune marque vérifiée pour cette ligne,NON — piste à confirmer (voir dossier §2),not_contacted,non,oui,non
83,PEAU-083,corps,Peau du corps,sensible,Corps,Déodorant doux,Déodorant Doux Sans Sels d'Aluminium,pierre d'alun,50 ml,8-13 €,affiliation,peau,"Déodorant, pas anti-transpirant. Aucune allégation santé.",NON — aucune marque vérifiée pour cette ligne,NON — piste à confirmer (voir dossier §2),not_contacted,non,oui,non
84,PEAU-084,corps,Peau du corps,hydrater|seche,Corps,Huile de massage,Huile de Massage Neutre,huile d'amande douce,150 ml,11-18 €,affiliation,peau,Aucune allégation thérapeutique ni minceur.,NON — aucune marque vérifiée pour cette ligne,NON — piste à confirmer (voir dossier §2),not_contacted,non,oui,non
85,PEAU-085,hydrater,Hydrater,—,Accessoires,Accessoire d'application,Rouleau de Jade Visage,jade,1 pièce,9-16 €,dropship,accessoires,Matériel. Aucune allégation de drainage lymphatique vérifiée.,NON — aucune marque vérifiée pour cette ligne,NON — piste à confirmer (voir dossier §2),not_contacted,non,oui,non
86,PEAU-086,eclat,Éclat & teint terne,—,Accessoires,Accessoire d'application,Gua Sha Visage,quartz rose,1 pièce,9-16 €,dropship,accessoires,Matériel. Aucune allégation médicale.,NON — aucune marque vérifiée pour cette ligne,NON — piste à confirmer (voir dossier §2),not_contacted,non,oui,non
87,PEAU-087,hydrater,Hydrater,—,Accessoires,Accessoire d'application,Pinceau Masque Silicone,silicone,1 pièce,5-9 €,dropship,accessoires,Matériel.,NON — aucune marque vérifiée pour cette ligne,NON — piste à confirmer (voir dossier §2),not_contacted,non,oui,non
88,PEAU-088,imperfections,Imperfections / boutons,—,Accessoires,Accessoire d'application,Spatule Comédon Inox (usage doux),acier inoxydable,1 pièce,5-9 €,dropship,accessoires,⚠️ Usage doux uniquement. Ne pas encourager le perçage à domicile.,NON — aucune marque vérifiée pour cette ligne,NON — piste à confirmer (voir dossier §2),not_contacted,non,oui,non
89,PEAU-089,hydrater,Hydrater,—,Accessoires,Accessoire d'application,Bandeau Cheveux Spa Éponge,microfibre,1 pièce,5-9 €,dropship,accessoires,Matériel.,NON — aucune marque vérifiée pour cette ligne,NON — piste à confirmer (voir dossier §2),not_contacted,non,oui,non
90,PEAU-090,hydrater,Hydrater,—,Accessoires,Accessoire d'application,Miroir Grossissant sur Pied,verre,1 pièce,12-22 €,dropship,accessoires,Matériel.,NON — aucune marque vérifiée pour cette ligne,NON — piste à confirmer (voir dossier §2),not_contacted,non,oui,non
91,PEAU-091,spf,SPF invisible,—,Nettoyant,Nettoyant,Huile démaquillante SPF waterproof,—,à définir,à négocier,affiliation,peau,Complément de couverture : besoin absent du registre initial.,NON — aucune marque vérifiée pour cette ligne,Ankorstore,not_contacted,non,oui,non
92,PEAU-092,spf,SPF invisible,—,Serum,Serum,Sérum antioxydant sous SPF,Tocopherol,à définir,à négocier,affiliation,peau,Complément de couverture : besoin absent du registre initial.,NON — aucune marque vérifiée pour cette ligne,BLACKETIQUE SASU / EOLYS Beauté,not_contacted,non,oui,non
93,PEAU-093,spf,SPF invisible,—,Hydratant,Hydratant,Crème de jour SPF 30,Filtres hybrides,à définir,à négocier,affiliation,peau,Complément de couverture : besoin absent du registre initial.,NON — aucune marque vérifiée pour cette ligne,BLACKETIQUE SASU / EOLYS Beauté,not_contacted,non,oui,non
94,PEAU-094,spf,SPF invisible,—,Masque,Masque,Masque après-soleil apaisant,—,à définir,à négocier,affiliation,peau,Complément de couverture : besoin absent du registre initial.,NON — aucune marque vérifiée pour cette ligne,BLACKETIQUE SASU / EOLYS Beauté,not_contacted,non,oui,non
95,PEAU-095,spf,SPF invisible,—,Soin cible,Soin cible,Stick SPF 50 zones sensibles,Filtres hybrides,à définir,à négocier,affiliation,peau,Complément de couverture : besoin absent du registre initial.,NON — aucune marque vérifiée pour cette ligne,Ankorstore,not_contacted,non,oui,non
96,PEAU-096,par_ingredient,Par ingrédient,—,Nettoyant,Nettoyant,Nettoyant acide salicylique,Salicylic Acid,à définir,à négocier,affiliation,peau,Complément de couverture : besoin absent du registre initial.,NON — aucune marque vérifiée pour cette ligne,Ankorstore,not_contacted,non,oui,non
97,PEAU-097,par_ingredient,Par ingrédient,—,Hydratant,Hydratant,Hydratant acide hyaluronique,Sodium Hyaluronate,à définir,à négocier,affiliation,peau,Complément de couverture : besoin absent du registre initial.,NON — aucune marque vérifiée pour cette ligne,BLACKETIQUE SASU / EOLYS Beauté,not_contacted,non,oui,non
98,PEAU-098,par_ingredient,Par ingrédient,—,Masque,Masque,Masque centella,Centella Asiatica Extract,à définir,à négocier,affiliation,peau,Complément de couverture : besoin absent du registre initial.,NON — aucune marque vérifiée pour cette ligne,BLACKETIQUE SASU / EOLYS Beauté,not_contacted,non,oui,non
99,PEAU-099,par_ingredient,Par ingrédient,—,SPF,SPF,SPF 50 sans parfum,Filtres hybrides,à définir,à négocier,affiliation,peau,Complément de couverture : besoin absent du registre initial.,NON — aucune marque vérifiée pour cette ligne,BLACKETIQUE SASU / EOLYS Beauté,not_contacted,non,oui,non
100,PEAU-100,par_ingredient,Par ingrédient,—,Soin cible,Soin cible,Soin panthénol apaisant,Panthenol,à définir,à négocier,affiliation,peau,Complément de couverture : besoin absent du registre initial.,NON — aucune marque vérifiée pour cette ligne,Ankorstore,not_contacted,non,oui,non
